{"cameraMode":{"drawMode":0,"name":"Shaded","section":"Shading Mode"},"sceneLighting":true,"audioPlay":false,"sceneViewState":{"showFog":true,"showMaterialUpdate":false,"showSkybox":true,"showFlares":true,"showImageEffects":true,"showParticleSystems":true},"in2DMode":false,"pivot":{"x":44.78617858886719,"y":4.223348617553711,"z":5.030022621154785},"rotation":{"x":0.021052435040473939,"y":-0.5639622807502747,"z":0.014384156093001366,"w":0.8254068493843079},"size":7.972906112670898,"orthographic":false}